BEGIN TRANSACTION;

-- CAUTION: REMOVES OLD VERSION OF TABLES
DROP TABLE IF EXISTS recordings;
DROP TABLE IF EXISTS users;
DROP TABLE IF EXISTS playlists;
DROP TABLE IF EXISTS songs;
DROP TABLE IF EXISTS playlist_tracks;
DROP TABLE IF EXISTS tracks;

CREATE TABLE recordings(
      id integer primary key not null, --recording id
      title text NOT NULL,
      artist text NOT NULL,
      producer text default NULL,
      year integer
      );

INSERT INTO recordings VALUES(100,'Please Please Me','Beatles','George Martin',1963);
INSERT INTO recordings VALUES(101,'With The Beatles','Beatles','George Martin',1963);
INSERT INTO recordings VALUES(102,'A Hard Day''s Night','Beatles','George Martin',1964);
INSERT INTO recordings VALUES(103,'Beatles For Sale','Beatles','George Martin',1964);
INSERT INTO recordings VALUES(104,'Help','Beatles','George Martin',1965);
INSERT INTO recordings VALUES(105,'Rubber Soul','Beatles','George Martin',1965);
INSERT INTO recordings VALUES(106,'Revolver','Beatles','George Martin',1966);
INSERT INTO recordings VALUES(107,'Sgt. Pepper''s Lonely Harts Club Band','Beatles','George Martin',1967);
INSERT INTO recordings VALUES(108,'The Beatles aka White Album','Beatles','George Martin',1968);
INSERT INTO recordings VALUES(109,'Yellow Submarine','Beatles','George Martin',1969);
INSERT INTO recordings VALUES(110,'Abbey Road','Beatles','George Martin',1969);
INSERT INTO recordings VALUES(111,'Let It Be','Beatles','Phil Spector',1970);

CREATE TABLE users (
    user_id text primary key not null,
    name text not null
);

INSERT INTO users VALUES('gjones','Glenn Jones');
INSERT INTO users VALUES('sjones','Susan Jones');
INSERT INTO users VALUES('fjones','Frank Jones');
INSERT INTO users VALUES('ajones','Anne Jones');
INSERT INTO users VALUES('cindy','Cindy Reynolds');

CREATE TABLE playlists(
    user_id text not null references users(user_id),
    playlist_name text not null,
    primary key (user_id,playlist_name)
);

INSERT INTO playlists VALUES('gjones','mysongs');
INSERT INTO playlists VALUES('fjones','favourites');
INSERT INTO playlists VALUES('fjones','mysongs');
INSERT INTO playlists VALUES('ajones','morning songs');
INSERT INTO playlists VALUES('ajones','evening songs');
INSERT INTO playlists VALUES('ajones','driving');
INSERT INTO playlists VALUES('ajones','favourites');
INSERT INTO playlists VALUES('cindy','help');
INSERT INTO playlists VALUES('cindy','songs');

CREATE TABLE songs (sid integer primary key,
  title text not null,
  composer text not null
);

INSERT INTO songs VALUES(1000,'I Saw Her Standing There','Paul McCartney, John Lennon');
INSERT INTO songs VALUES(1001,'Misery','Paul McCartney, John Lennon');
INSERT INTO songs VALUES(1002,'Anna (Go To Him)','Arthur Alexander');
INSERT INTO songs VALUES(1003,'Chains','Gerry Goffin, Carole King');
INSERT INTO songs VALUES(1004,'Boys','Luther Dixon, Wes Farrell');
INSERT INTO songs VALUES(1005,'Ask Me Why','Paul McCartney, John Lennon');
INSERT INTO songs VALUES(1006,'Please Please Me','Paul McCartney, John Lennon');
INSERT INTO songs VALUES(1007,'Love Me Do','Paul McCartney, John Lennon');
INSERT INTO songs VALUES(1008,'P.S. I Love You','Paul McCartney, John Lennon');
INSERT INTO songs VALUES(1009,'Baby It''s You','Hal David,Barney Williams, Burt Bacharach');
INSERT INTO songs VALUES(1010,'Do You Want To Know A  Secret','Paul McCartney, John Lennon');
INSERT INTO songs VALUES(1011,'A Taste Of Honey','Bobby Scott, Ric Marlow');
INSERT INTO songs VALUES(1012,'There''s A Place','Paul McCartney, John Lennon');
INSERT INTO songs VALUES(1013,'Twist and Shout','Phil Medley, Bert Russell');
INSERT INTO songs VALUES(1014,'It Won''t Be Long','Paul McCartney, John Lennon');
INSERT INTO songs VALUES(1015,'All I''ve Got To Do','Paul McCartney, John Lennon');
INSERT INTO songs VALUES(1016,'All My Loving','Paul McCartney, John Lennon');
INSERT INTO songs VALUES(1017,'Don''t Bother Me','George Harrison');
INSERT INTO songs VALUES(1018,'Little Child','Paul McCartney, John Lennon');
INSERT INTO songs VALUES(1019,'Till There Was You','Meredith Willson');
INSERT INTO songs VALUES(1020,'Please Mister Postman','Georgia Dobbins, William Garrett, Freddie Gorman, Brian Holland, Robert Bateman');
INSERT INTO songs VALUES(1021,'Roll Over Beethhoven','Chuck Berry');
INSERT INTO songs VALUES(1022,'Hold Me Tight','Paul McCartney, John Lennon');
INSERT INTO songs VALUES(1023,'I Wanna Be Your Man','Paul McCartney, John Lennon');
INSERT INTO songs VALUES(1024,'Devil In Her Heart','Richard Drapkin');
INSERT INTO songs VALUES(1025,'Not A Second Time','Paul McCartney, John Lennon');
INSERT INTO songs VALUES(1026,'Money (That''s What I Want)','Janie Bradford, Berry Gordy');
INSERT INTO songs VALUES(1027,'A Hard Day''s Night','John Lennon, Paul McCartney');
INSERT INTO songs VALUES(1028,'I Should Have Known Better','John Lennon, Paul McCartney');
INSERT INTO songs VALUES(1029,'If I Fell','John Lennon, Paul McCartney');
INSERT INTO songs VALUES(1030,'I''m Happy Just To Dance With You','John Lennon, Paul McCartney');
INSERT INTO songs VALUES(1031,'And I Love Her','John Lennon, Paul McCartney');
INSERT INTO songs VALUES(1032,'Tell Me Why','John Lennon, Paul McCartney');
INSERT INTO songs VALUES(1033,'Can''t Buy Me Love','John Lennon, Paul McCartney');
INSERT INTO songs VALUES(1034,'Any Time at All','John Lennon, Paul McCartney');
INSERT INTO songs VALUES(1035,'I''ll Cry Instead','John Lennon, Paul McCartney');
INSERT INTO songs VALUES(1036,'Things We Said Today','John Lennon, Paul McCartney');
INSERT INTO songs VALUES(1037,'When I Get Home','John Lennon, Paul McCartney');
INSERT INTO songs VALUES(1038,'You Can''t Do That','John Lennon, Paul McCartney');
INSERT INTO songs VALUES(1039,'I''ll Be Back','John Lennon, Paul McCartney');
INSERT INTO songs VALUES(1040,'No Reply','John Lennon, Paul McCartney');
INSERT INTO songs VALUES(1041,'I''m a Loser','John Lennon, Paul McCartney');
INSERT INTO songs VALUES(1042,'Baby''s in Black','John Lennon, Paul McCartney');
INSERT INTO songs VALUES(1043,'Rock and Roll Music','Chuck Berry');
INSERT INTO songs VALUES(1044,'I''ll Follow The Sun','John Lennon, Paul McCartney');
INSERT INTO songs VALUES(1045,'Mr. Moonlight','Roy Lee Johnson');
INSERT INTO songs VALUES(1046,'Kansas City/Hey,Hey,Hey,Hey','Jerry Leiber, Mike Stoller / Richard Penniman');
INSERT INTO songs VALUES(1047,'Eight Days a Week','John Lennon, Paul McCartney');
INSERT INTO songs VALUES(1048,'Words of Love','Buddy Holly');
INSERT INTO songs VALUES(1049,'Honey Don''t','Carl Perkins');
INSERT INTO songs VALUES(1050,'Every Little Thing','John Lennon, Paul McCartney');
INSERT INTO songs VALUES(1051,'I Don''t Want to Spoil the Party','John Lennon, Paul McCartney');
INSERT INTO songs VALUES(1052,'What You''re Doing','John Lennon, Paul McCartney');
INSERT INTO songs VALUES(1053,'Everybody''s Trying to Be My Baby','Carl Perkins');
INSERT INTO songs VALUES(1054,'Help!','John Lennon, Paul McCartney');
INSERT INTO songs VALUES(1055,'The Night Before','John Lennon, Paul McCartney');
INSERT INTO songs VALUES(1056,'You''ve Got To Hide Your love Away','John Lennon, Paul McCartney');
INSERT INTO songs VALUES(1057,'I Need You','George Harrison');
INSERT INTO songs VALUES(1058,'Another Girl','John Lennon, Paul McCartney');
INSERT INTO songs VALUES(1059,'You''re Going to Lose That Girl','John Lennon, Paul McCartney');
INSERT INTO songs VALUES(1060,'Ticket To Ride','John Lennon, Paul McCartney');
INSERT INTO songs VALUES(1061,'Act naturally','Johnny Russell, Voni Morrison');
INSERT INTO songs VALUES(1062,'It''s Only Love','John Lennon, Paul McCartney');
INSERT INTO songs VALUES(1063,'You Like Me Too Much','John Lennon, Paul McCartney');
INSERT INTO songs VALUES(1064,'Tell Me What You See','John Lennon, Paul McCartney');
INSERT INTO songs VALUES(1065,'I''ve Just Seen a Face','John Lennon, Paul McCartney');
INSERT INTO songs VALUES(1066,'Yesterday','John Lennon, Paul McCartney');
INSERT INTO songs VALUES(1067,'Dizzy Miss Lizzy','Larry Williams');
INSERT INTO songs VALUES(1068,'Drive My Car','John Lennon, Paul McCartney');
INSERT INTO songs VALUES(1069,'Norwegian Wood','John Lennon, Paul McCartney');
INSERT INTO songs VALUES(1070,'You Won''t See Me','John Lennon, Paul McCartney');
INSERT INTO songs VALUES(1071,'Nowhere Man','John Lennon, Paul McCartney');
INSERT INTO songs VALUES(1072,'Think for Yourself','George Harrison');
INSERT INTO songs VALUES(1073,'The World','John Lennon, Paul McCartney');
INSERT INTO songs VALUES(1074,'Michelle','John Lennon, Paul McCartney');
INSERT INTO songs VALUES(1075,'What Goes On','John Lennon, Paul McCartney, Richard Starkey');
INSERT INTO songs VALUES(1076,'Girl','John Lennon, Paul McCartney');
INSERT INTO songs VALUES(1077,'I''m Looking Through You','John Lennon, Paul McCartney');
INSERT INTO songs VALUES(1078,'In My Life','John Lennon, Paul McCartney');
INSERT INTO songs VALUES(1079,'Wait','John Lennon, Paul McCartney');
INSERT INTO songs VALUES(1080,'If I Need Someone','George Harrison');
INSERT INTO songs VALUES(1081,'Run for Your Life','John Lennon, Paul McCartney');
INSERT INTO songs VALUES(1082,'Taxman','George Harrison');
INSERT INTO songs VALUES(1083,'Eleanor Rigby','John Lennon, Paul McCartney');
INSERT INTO songs VALUES(1084,'I''m Only Sleeping','John Lennon, Paul McCartney');
INSERT INTO songs VALUES(1085,'Love You To','George Harrison');
INSERT INTO songs VALUES(1086,'Here, There and Everywhere','John Lennon, Paul McCartney');
INSERT INTO songs VALUES(1087,'Yellow Submarine','John Lennon, Paul McCartney');
INSERT INTO songs VALUES(1088,'She Said She Said','John Lennon, Paul McCartney');
INSERT INTO songs VALUES(1089,'Good Day Sunshine','John Lennon, Paul McCartney');
INSERT INTO songs VALUES(1090,'And your Bird Can Sing','John Lennon, Paul McCartney');
INSERT INTO songs VALUES(1091,'For No One','John Lennon, Paul McCartney');
INSERT INTO songs VALUES(1092,'Doctor Robert','John Lennon, Paul McCartney');
INSERT INTO songs VALUES(1093,'I Want to Tell You','George Harrison');
INSERT INTO songs VALUES(1094,'Got to Get You into My Life','John Lennon, Paul McCartney');
INSERT INTO songs VALUES(1095,'Tomorrow Never Knows','John Lennon, Paul McCartney');
INSERT INTO songs VALUES(1096,'Sgt. Pepper''s Lonely Hearts Club Band','John Lennon, Paul McCartney');
INSERT INTO songs VALUES(1097,'With a Little Help from My Friends','John Lennon, Paul McCartney');
INSERT INTO songs VALUES(1098,'Luch in the Sky with Diamonds','John Lennon, Paul McCartney');
INSERT INTO songs VALUES(1099,'Getting Better','John Lennon, Paul McCartney');
INSERT INTO songs VALUES(1100,'Fixing a Hole','John Lennon, Paul McCartney');
INSERT INTO songs VALUES(1101,'She''s Leaving Home','John Lennon, Paul McCartney');
INSERT INTO songs VALUES(1102,'Being for the Benefit of Mr. Kite!','John Lennon, Paul McCartney');
INSERT INTO songs VALUES(1103,'Within You Without You','George Harrison');
INSERT INTO songs VALUES(1104,'When I''m Sixty-Four','John Lennon, Paul McCartney');
INSERT INTO songs VALUES(1105,'Lovely Rita','John Lennon, Paul McCartney');
INSERT INTO songs VALUES(1106,'Good Morning Good Morning','John Lennon, Paul McCartney');
INSERT INTO songs VALUES(1107,'Sgt. Pepper''s Lonely Hearts Club Band (reprise)','John Lennon, Paul McCartney');
INSERT INTO songs VALUES(1108,'A Day in the Life','John Lennon, Paul McCartney');
INSERT INTO songs VALUES(1109,'Back in the U.S.S.R','John Lennon, Paul McCartney');
INSERT INTO songs VALUES(1110,'Dear Prudence','John Lennon, Paul McCartney');
INSERT INTO songs VALUES(1111,'Glass Onion','John Lennon, Paul McCartney');
INSERT INTO songs VALUES(1112,'Ob-La-Di, Ob-La_da','John Lennon, Paul McCartney');
INSERT INTO songs VALUES(1113,'Wild Honey Pie','John Lennon, Paul McCartney');
INSERT INTO songs VALUES(1114,'The Continuing Story of Bungalow Bill','John Lennon, Paul McCartney');
INSERT INTO songs VALUES(1115,'While My Guitar Gently Weeps','George Harrison');
INSERT INTO songs VALUES(1116,'Happiness Is a Warm Gun','John Lennon, Paul McCartney');
INSERT INTO songs VALUES(1117,'Martha My Dear','John Lennon, Paul McCartney');
INSERT INTO songs VALUES(1118,'I''m So Tired','John Lennon, Paul McCartney');
INSERT INTO songs VALUES(1119,'Blackbird','John Lennon, Paul McCartney');
INSERT INTO songs VALUES(1120,'Piggies','Harrison');
INSERT INTO songs VALUES(1121,'Rocky Raccon','John Lennon, Paul McCartney');
INSERT INTO songs VALUES(1122,'Don''t Pass Me By','Richard Starkey');
INSERT INTO songs VALUES(1123,'Why Don''t We Do It in the Road','John Lennon, Paul McCartney');
INSERT INTO songs VALUES(1124,'I Will','John Lennon, Paul McCartney');
INSERT INTO songs VALUES(1125,'Julia','John Lennon, Paul McCartney');
INSERT INTO songs VALUES(1126,'Birthday','John Lennon, Paul McCartney');
INSERT INTO songs VALUES(1127,'Yer Blues','John Lennon, Paul McCartney');
INSERT INTO songs VALUES(1128,'Mother Nature''s Son','John Lennon, Paul McCartney');
INSERT INTO songs VALUES(1129,'Everybody''s Got Something to Hide Except Me and My Monkey','John Lennon, Paul McCartney');
INSERT INTO songs VALUES(1130,'Sexy Sadie','John Lennon, Paul McCartney');
INSERT INTO songs VALUES(1131,'Helter Skelter','John Lennon, Paul McCartney');
INSERT INTO songs VALUES(1132,'Long, Long, Long','John Lennon, Paul McCartney');
INSERT INTO songs VALUES(1133,'Revolution 1','John Lennon, Paul McCartney');
INSERT INTO songs VALUES(1134,'Honey Pie','John Lennon, Paul McCartney');
INSERT INTO songs VALUES(1135,'Savoy Truffle','George Harrison');
INSERT INTO songs VALUES(1136,'Cry Baby Cry','John Lennon, Paul McCartney');
INSERT INTO songs VALUES(1137,'Revolution 9','John Lennon, Paul McCartney');
INSERT INTO songs VALUES(1138,'Good Night','John Lennon, Paul McCartney');
INSERT INTO songs VALUES(1139,'Yellow Submarine','John Lennon, Paul McCartney');
INSERT INTO songs VALUES(1140,'Only a Northern Song','John Lennon, Paul McCartney');
INSERT INTO songs VALUES(1141,'All Together Now','John Lennon, Paul McCartney');
INSERT INTO songs VALUES(1142,'Hey Bulldog','John Lennon, Paul McCartney');
INSERT INTO songs VALUES(1143,'It''s All too Much','John Lennon, Paul McCartney');
INSERT INTO songs VALUES(1144,'All You Need Is Love','John Lennon, Paul McCartney');
INSERT INTO songs VALUES(1145,'Pepperland','John Lennon, Paul McCartney');
INSERT INTO songs VALUES(1146,'Sea of Time','John Lennon, Paul McCartney');
INSERT INTO songs VALUES(1147,'Sea of Holes','John Lennon, Paul McCartney');
INSERT INTO songs VALUES(1148,'Sea of Monsters','John Lennon, Paul McCartney');
INSERT INTO songs VALUES(1149,'March of the Meanies','John Lennon, Paul McCartney');
INSERT INTO songs VALUES(1150,'Pepperland Laid Waste','John Lennon, Paul McCartney');
INSERT INTO songs VALUES(1151,'Yellow Submarine in Pepperland','John Lennon, Paul McCartney');
INSERT INTO songs VALUES(1152,'Come Together','John Lennon, Paul McCartney');
INSERT INTO songs VALUES(1153,'Something','George Harrison');
INSERT INTO songs VALUES(1154,'Maxwell''s Silver Hammer','John Lennon, Paul McCartney');
INSERT INTO songs VALUES(1155,'Oh! Darling','John Lennon, Paul McCartney');
INSERT INTO songs VALUES(1156,'Octopus''s Garden','Richard Starkey');
INSERT INTO songs VALUES(1157,'I Want You (She''s So Heavy)','John Lennon, Paul McCartney');
INSERT INTO songs VALUES(1158,'Here Comes The Sun','George Harrison');
INSERT INTO songs VALUES(1159,'Because','John Lennon, Paul McCartney');
INSERT INTO songs VALUES(1160,'You Never Give My Your Money','John Lennon, Paul McCartney');
INSERT INTO songs VALUES(1161,'Sun King','John Lennon, Paul McCartney');
INSERT INTO songs VALUES(1162,'Mean Mr. Mustard','John Lennon, Paul McCartney');
INSERT INTO songs VALUES(1163,'Polythene Pam','John Lennon, Paul McCartney');
INSERT INTO songs VALUES(1164,'She Came in Through the Bathroom Window','John Lennon, Paul McCartney');
INSERT INTO songs VALUES(1166,'Golden Slumbers','John Lennon, Paul McCartney');
INSERT INTO songs VALUES(1167,'Carry That Weight','John Lennon, Paul McCartney');
INSERT INTO songs VALUES(1168,'The End','John Lennon, Paul McCartney');
INSERT INTO songs VALUES(1169,'Her Majesty','John Lennon, Paul McCartney');
INSERT INTO songs VALUES(1170,'Two of Us','John Lennon, Paul McCartney');
INSERT INTO songs VALUES(1171,'Dig a Pony','John Lennon, Paul McCartney');
INSERT INTO songs VALUES(1172,'Across the Universe','John Lennon, Paul McCartney');
INSERT INTO songs VALUES(1173,'I Me Mine','John Lennon, Paul McCartney');
INSERT INTO songs VALUES(1174,'Dig It','John Lennon, Paul McCartney, George Harrison, Richard Starkey');
INSERT INTO songs VALUES(1175,'Let It Be','John Lennon, Paul McCartney');
INSERT INTO songs VALUES(1176,'Magie Mae','John Lennon, Paul McCartney, George Harrison, Richard Starkey');
INSERT INTO songs VALUES(1177,'I''ve Got a Feeling','John Lennon, Paul McCartney');
INSERT INTO songs VALUES(1178,'One After 909','John Lennon, Paul McCartney');
INSERT INTO songs VALUES(1179,'The Long and Winding road','John Lennon, Paul McCartney');
INSERT INTO songs VALUES(1180,'For You Blue','John Lennon, Paul McCartney');
INSERT INTO songs VALUES(1181,'Get Back','John Lennon, Paul McCartney');

CREATE TABLE playlist_tracks (
user_id text not null,
playlist_name text not null,
track_id integer not null references tracks (tid),
primary key (user_id, playlist_name, track_id),
foreign key (user_id, playlist_name) references playlists(user_id, playlist_name)
);

INSERT INTO playlist_tracks VALUES('gjones','mysongs',1);
INSERT INTO playlist_tracks VALUES('gjones','mysongs',6);
INSERT INTO playlist_tracks VALUES('ajones','driving',11);
INSERT INTO playlist_tracks VALUES('ajones','favourites',11);
INSERT INTO playlist_tracks VALUES('cindy','songs',11);
INSERT INTO playlist_tracks VALUES('fjones','favourites',11);
INSERT INTO playlist_tracks VALUES('cindy','songs',13);
INSERT INTO playlist_tracks VALUES('fjones','favourites',13);
INSERT INTO playlist_tracks VALUES('fjones','favourites',14);
INSERT INTO playlist_tracks VALUES('ajones','driving',26);
INSERT INTO playlist_tracks VALUES('cindy','songs',26);
INSERT INTO playlist_tracks VALUES('cindy','help',55);
INSERT INTO playlist_tracks VALUES('cindy','help',56);
INSERT INTO playlist_tracks VALUES('cindy','help',57);
INSERT INTO playlist_tracks VALUES('cindy','help',58);
INSERT INTO playlist_tracks VALUES('cindy','help',59);
INSERT INTO playlist_tracks VALUES('cindy','help',60);
INSERT INTO playlist_tracks VALUES('cindy','help',61);
INSERT INTO playlist_tracks VALUES('cindy','help',62);
INSERT INTO playlist_tracks VALUES('cindy','help',63);
INSERT INTO playlist_tracks VALUES('cindy','help',64);
INSERT INTO playlist_tracks VALUES('cindy','help',65);
INSERT INTO playlist_tracks VALUES('cindy','help',66);
INSERT INTO playlist_tracks VALUES('cindy','help',67);
INSERT INTO playlist_tracks VALUES('cindy','help',68);
INSERT INTO playlist_tracks VALUES('ajones','driving',70);
INSERT INTO playlist_tracks VALUES('ajones','favourites',70);
INSERT INTO playlist_tracks VALUES('cindy','songs',70);
INSERT INTO playlist_tracks VALUES('ajones','favourites',71);
INSERT INTO playlist_tracks VALUES('cindy','songs',71);
INSERT INTO playlist_tracks VALUES('fjones','favourites',71);
INSERT INTO playlist_tracks VALUES('gjones','mysongs',81);
INSERT INTO playlist_tracks VALUES('gjones','mysongs',82);

CREATE TABLE tracks(
tid integer not null primary key,
albumID integer not null references recordings(id),
songID integer not null references songs(sid),
track_number integer not null
);

INSERT INTO tracks VALUES(1,100,1000,1);
INSERT INTO tracks VALUES(2,100,1001,2);
INSERT INTO tracks VALUES(3,100,1002,3);
INSERT INTO tracks VALUES(4,100,1003,4);
INSERT INTO tracks VALUES(5,100,1004,5);
INSERT INTO tracks VALUES(6,100,1005,6);
INSERT INTO tracks VALUES(7,100,1006,7);
INSERT INTO tracks VALUES(8,100,1007,8);
INSERT INTO tracks VALUES(9,100,1008,9);
INSERT INTO tracks VALUES(10,100,1009,10);
INSERT INTO tracks VALUES(11,100,1010,11);
INSERT INTO tracks VALUES(12,100,1011,12);
INSERT INTO tracks VALUES(13,100,1012,13);
INSERT INTO tracks VALUES(14,100,1013,14);
INSERT INTO tracks VALUES(15,101,1014,1);
INSERT INTO tracks VALUES(16,101,1015,2);
INSERT INTO tracks VALUES(17,101,1016,3);
INSERT INTO tracks VALUES(18,101,1017,4);
INSERT INTO tracks VALUES(19,101,1018,5);
INSERT INTO tracks VALUES(20,101,1019,6);
INSERT INTO tracks VALUES(21,101,1020,7);
INSERT INTO tracks VALUES(22,101,1021,8);
INSERT INTO tracks VALUES(23,101,1022,9);
INSERT INTO tracks VALUES(24,101,1023,10);
INSERT INTO tracks VALUES(25,101,1024,11);
INSERT INTO tracks VALUES(26,101,1025,12);
INSERT INTO tracks VALUES(27,101,1026,13);
INSERT INTO tracks VALUES(28,102,1027,1);
INSERT INTO tracks VALUES(29,102,1028,2);
INSERT INTO tracks VALUES(30,102,1029,3);
INSERT INTO tracks VALUES(31,102,1030,4);
INSERT INTO tracks VALUES(32,102,1031,5);
INSERT INTO tracks VALUES(33,102,1032,6);
INSERT INTO tracks VALUES(34,102,1033,7);
INSERT INTO tracks VALUES(35,102,1034,8);
INSERT INTO tracks VALUES(36,102,1035,9);
INSERT INTO tracks VALUES(37,102,1036,10);
INSERT INTO tracks VALUES(38,102,1037,11);
INSERT INTO tracks VALUES(39,102,1038,12);
INSERT INTO tracks VALUES(40,102,1039,13);
INSERT INTO tracks VALUES(41,103,1040,1);
INSERT INTO tracks VALUES(42,103,1041,2);
INSERT INTO tracks VALUES(43,103,1042,3);
INSERT INTO tracks VALUES(44,103,1043,4);
INSERT INTO tracks VALUES(45,103,1044,5);
INSERT INTO tracks VALUES(46,103,1045,6);
INSERT INTO tracks VALUES(47,103,1046,7);
INSERT INTO tracks VALUES(48,103,1047,8);
INSERT INTO tracks VALUES(49,103,1048,9);
INSERT INTO tracks VALUES(50,103,1049,10);
INSERT INTO tracks VALUES(51,103,1050,11);
INSERT INTO tracks VALUES(52,103,1051,12);
INSERT INTO tracks VALUES(53,103,1052,13);
INSERT INTO tracks VALUES(54,103,1053,14);
INSERT INTO tracks VALUES(55,104,1054,1);
INSERT INTO tracks VALUES(56,104,1055,2);
INSERT INTO tracks VALUES(57,104,1056,3);
INSERT INTO tracks VALUES(58,104,1057,4);
INSERT INTO tracks VALUES(59,104,1058,5);
INSERT INTO tracks VALUES(60,104,1059,6);
INSERT INTO tracks VALUES(61,104,1060,7);
INSERT INTO tracks VALUES(62,104,1061,8);
INSERT INTO tracks VALUES(63,104,1062,9);
INSERT INTO tracks VALUES(64,104,1063,10);
INSERT INTO tracks VALUES(65,104,1064,11);
INSERT INTO tracks VALUES(66,104,1065,12);
INSERT INTO tracks VALUES(67,104,1066,13);
INSERT INTO tracks VALUES(68,104,1067,14);
INSERT INTO tracks VALUES(69,105,1068,1);
INSERT INTO tracks VALUES(70,105,1069,2);
INSERT INTO tracks VALUES(71,105,1070,3);
INSERT INTO tracks VALUES(72,105,1071,4);
INSERT INTO tracks VALUES(73,105,1072,5);
INSERT INTO tracks VALUES(74,105,1073,6);
INSERT INTO tracks VALUES(75,105,1074,7);
INSERT INTO tracks VALUES(76,105,1075,8);
INSERT INTO tracks VALUES(77,105,1076,9);
INSERT INTO tracks VALUES(78,105,1077,10);
INSERT INTO tracks VALUES(79,105,1078,11);
INSERT INTO tracks VALUES(80,105,1079,12);
INSERT INTO tracks VALUES(81,105,1080,13);
INSERT INTO tracks VALUES(82,105,1081,14);
INSERT INTO tracks VALUES(83,106,1082,1);
INSERT INTO tracks VALUES(84,106,1083,2);
INSERT INTO tracks VALUES(85,106,1084,3);
INSERT INTO tracks VALUES(86,106,1085,4);
INSERT INTO tracks VALUES(87,106,1086,5);
INSERT INTO tracks VALUES(88,106,1087,6);
INSERT INTO tracks VALUES(89,106,1088,7);
INSERT INTO tracks VALUES(90,106,1089,8);
INSERT INTO tracks VALUES(91,106,1090,9);
INSERT INTO tracks VALUES(92,106,1091,10);
INSERT INTO tracks VALUES(93,106,1092,11);
INSERT INTO tracks VALUES(94,106,1093,12);
INSERT INTO tracks VALUES(95,106,1094,13);
INSERT INTO tracks VALUES(96,106,1095,14);
INSERT INTO tracks VALUES(97,107,1096,1);
INSERT INTO tracks VALUES(98,107,1097,2);
INSERT INTO tracks VALUES(99,107,1098,3);
INSERT INTO tracks VALUES(100,107,1099,4);
INSERT INTO tracks VALUES(101,107,1100,5);
INSERT INTO tracks VALUES(102,107,1101,6);
INSERT INTO tracks VALUES(103,107,1102,7);
INSERT INTO tracks VALUES(104,107,1103,8);
INSERT INTO tracks VALUES(105,107,1104,9);
INSERT INTO tracks VALUES(106,107,1105,10);
INSERT INTO tracks VALUES(107,107,1106,11);
INSERT INTO tracks VALUES(108,107,1107,12);
INSERT INTO tracks VALUES(109,107,1108,13);
INSERT INTO tracks VALUES(110,108,1109,1);
INSERT INTO tracks VALUES(111,108,1110,2);
INSERT INTO tracks VALUES(112,108,1111,3);
INSERT INTO tracks VALUES(113,108,1112,4);
INSERT INTO tracks VALUES(114,108,1113,5);
INSERT INTO tracks VALUES(115,108,1114,6);
INSERT INTO tracks VALUES(116,108,1115,7);
INSERT INTO tracks VALUES(117,108,1116,8);
INSERT INTO tracks VALUES(118,108,1117,9);
INSERT INTO tracks VALUES(119,108,1118,10);
INSERT INTO tracks VALUES(120,108,1119,11);
INSERT INTO tracks VALUES(121,108,1120,12);
INSERT INTO tracks VALUES(122,108,1121,13);
INSERT INTO tracks VALUES(123,108,1122,14);
INSERT INTO tracks VALUES(124,108,1123,15);
INSERT INTO tracks VALUES(125,108,1124,16);
INSERT INTO tracks VALUES(126,108,1125,17);
INSERT INTO tracks VALUES(127,108,1126,18);
INSERT INTO tracks VALUES(128,108,1127,19);
INSERT INTO tracks VALUES(129,108,1128,20);
INSERT INTO tracks VALUES(130,108,1129,21);
INSERT INTO tracks VALUES(131,108,1130,22);
INSERT INTO tracks VALUES(132,108,1131,23);
INSERT INTO tracks VALUES(133,108,1132,24);
INSERT INTO tracks VALUES(134,108,1133,25);
INSERT INTO tracks VALUES(135,108,1134,26);
INSERT INTO tracks VALUES(136,108,1135,27);
INSERT INTO tracks VALUES(137,108,1136,28);
INSERT INTO tracks VALUES(138,108,1137,29);
INSERT INTO tracks VALUES(139,108,1138,30);
INSERT INTO tracks VALUES(140,109,1139,1);
INSERT INTO tracks VALUES(141,109,1140,2);
INSERT INTO tracks VALUES(142,109,1141,3);
INSERT INTO tracks VALUES(143,109,1142,4);
INSERT INTO tracks VALUES(144,109,1143,5);
INSERT INTO tracks VALUES(145,109,1144,6);
INSERT INTO tracks VALUES(146,109,1145,7);
INSERT INTO tracks VALUES(147,109,1146,8);
INSERT INTO tracks VALUES(148,109,1147,9);
INSERT INTO tracks VALUES(149,109,1148,10);
INSERT INTO tracks VALUES(150,109,1149,11);
INSERT INTO tracks VALUES(151,109,1150,12);
INSERT INTO tracks VALUES(152,109,1151,13);
INSERT INTO tracks VALUES(153,110,1152,1);
INSERT INTO tracks VALUES(154,110,1153,2);
INSERT INTO tracks VALUES(155,110,1154,3);
INSERT INTO tracks VALUES(156,110,1155,4);
INSERT INTO tracks VALUES(157,110,1156,5);
INSERT INTO tracks VALUES(158,110,1157,6);
INSERT INTO tracks VALUES(159,110,1158,7);
INSERT INTO tracks VALUES(160,110,1159,8);
INSERT INTO tracks VALUES(161,110,1160,9);
INSERT INTO tracks VALUES(162,110,1161,10);
INSERT INTO tracks VALUES(163,110,1162,11);
INSERT INTO tracks VALUES(164,110,1163,12);
INSERT INTO tracks VALUES(165,110,1164,13);
INSERT INTO tracks VALUES(167,110,1166,14);
INSERT INTO tracks VALUES(168,110,1167,15);
INSERT INTO tracks VALUES(169,110,1168,16);
INSERT INTO tracks VALUES(170,110,1169,17);
INSERT INTO tracks VALUES(171,111,1170,1);
INSERT INTO tracks VALUES(172,111,1171,2);
INSERT INTO tracks VALUES(173,111,1172,3);
INSERT INTO tracks VALUES(174,111,1173,4);
INSERT INTO tracks VALUES(175,111,1174,5);
INSERT INTO tracks VALUES(176,111,1175,6);
INSERT INTO tracks VALUES(177,111,1176,7);
INSERT INTO tracks VALUES(178,111,1177,8);
INSERT INTO tracks VALUES(179,111,1178,9);
INSERT INTO tracks VALUES(180,111,1179,10);
INSERT INTO tracks VALUES(181,111,1180,11);
INSERT INTO tracks VALUES(182,111,1181,12);
COMMIT;
